{"cameraMode":{"drawMode":0,"name":"Shaded","section":"Shading Mode"},"sceneLighting":true,"audioPlay":false,"sceneViewState":{"showFog":true,"showMaterialUpdate":false,"showSkybox":true,"showFlares":true,"showImageEffects":true,"showParticleSystems":true},"in2DMode":false,"pivot":{"x":-7.91055154800415,"y":6.646352767944336,"z":15.387039184570313},"rotation":{"x":0.16018907725811006,"y":0.09813566505908966,"z":0.016007443889975549,"w":-0.9820660948753357},"size":2.6601953506469728,"orthographic":false}