{"cameraMode":{"drawMode":0,"name":"Shaded","section":"Shading Mode"},"sceneLighting":true,"audioPlay":false,"sceneViewState":{"showFog":true,"showMaterialUpdate":false,"showSkybox":true,"showFlares":true,"showImageEffects":true,"showParticleSystems":true},"in2DMode":false,"pivot":{"x":-6.410189151763916,"y":7.522191047668457,"z":13.89610481262207},"rotation":{"x":0.03566955775022507,"y":0.027577072381973268,"z":0.0009850917849689723,"w":-0.9989868998527527},"size":1.9533392190933228,"orthographic":false}