{"cameraMode":{"drawMode":0,"name":"Shaded","section":"Shading Mode"},"sceneLighting":true,"audioPlay":false,"sceneViewState":{"showFog":true,"showMaterialUpdate":false,"showSkybox":true,"showFlares":true,"showImageEffects":true,"showParticleSystems":true},"in2DMode":false,"pivot":{"x":-69.9644775390625,"y":-1.138718605041504,"z":-19.041160583496095},"rotation":{"x":-0.04284635931253433,"y":0.7611100673675537,"z":-0.05054484307765961,"w":-0.6452471017837524},"size":30.590240478515626,"orthographic":false}