{"cameraMode":{"drawMode":0,"name":"Shaded","section":"Shading Mode"},"sceneLighting":true,"audioPlay":false,"sceneViewState":{"showFog":true,"showMaterialUpdate":false,"showSkybox":true,"showFlares":true,"showImageEffects":true,"showParticleSystems":true},"in2DMode":false,"pivot":{"x":-13.830657005310059,"y":-0.0966796875,"z":-9.657906532287598},"rotation":{"x":-3.0908619663705397e-8,"y":0.7071068286895752,"z":-0.7071068286895752,"w":-3.0908619663705397e-8},"size":3.0931479930877687,"orthographic":true}